timestep,uplink_bandwidth,downlink_bandwidth,network_delay_ms,packet_loss_rate,channel_utilization,load_factor,snr_db,is_outage,is_congestion,is_jitter_storm
1,333.199,598.771,14.791,0.03188,0.0971,1.0157,29.27,0,0,0
2,258.508,353.339,22.32,0.00018,0.4415,1.0314,37.54,0,0,0
3,315.808,572.573,1.0,0.04442,0.0747,1.0471,23.17,0,0,0
4,264.104,433.572,20.286,0.01957,0.2771,1.0627,15.91,0,0,0
5,202.547,364.306,31.137,0.11768,0.609,1.0782,40.05,0,0,0
6,239.52,285.875,32.288,0.01813,0.5404,1.0937,26.25,0,0,0
7,247.154,291.249,20.837,0.10029,0.4134,1.1091,33.5,0,0,0
8,254.413,423.884,22.353,0.00343,0.5089,1.1243,36.58,0,0,0
9,213.782,313.508,45.227,0.13027,0.3778,1.1395,18.19,0,0,0
10,254.685,501.523,29.071,0.00341,0.5618,1.1545,31.31,0,0,0
11,208.834,378.446,39.602,0.01444,0.7122,1.1694,28.21,0,0,0
12,167.169,276.449,37.045,0.00579,0.8107,1.1841,41.08,0,0,0
13,233.948,420.373,24.052,0.00289,0.6085,1.1986,33.26,0,0,0
14,186.383,380.654,20.576,0.02014,0.7374,1.2129,27.73,0,0,0
15,226.297,444.105,28.488,0.00248,0.675,1.227,35.36,0,0,0
16,122.195,222.289,47.659,0.04697,0.7918,1.2409,12.64,0,0,0
17,174.187,287.842,42.168,0.02724,0.7818,1.2545,26.56,0,0,0
18,173.083,280.413,40.441,0.13829,0.7708,1.2679,19.35,0,0,0
19,184.967,272.069,34.632,0.03589,0.7338,1.281,23.88,0,0,0
20,231.901,394.737,29.119,0.00264,0.6589,1.2939,38.7,0,0,0
21,170.067,309.378,47.908,0.04468,0.7426,1.3065,21.24,0,0,0
22,178.902,371.852,31.183,0.02279,0.7869,1.3187,27.83,0,0,0
23,175.571,347.974,53.592,0.09641,0.76,1.3307,30.65,0,0,0
24,150.598,184.924,52.611,0.29597,0.7237,1.3423,16.38,0,0,0
25,141.655,262.365,67.692,0.17876,0.8346,1.3536,27.2,0,0,0
26,142.317,239.401,44.145,0.07296,0.8863,1.3645,17.39,0,0,0
27,205.012,359.416,47.117,0.02978,0.6359,1.3751,21.9,0,0,0
28,174.834,270.661,34.627,0.00186,0.7698,1.3853,28.15,0,0,0
29,169.981,291.585,43.071,0.00247,0.7866,1.3951,16.88,0,0,0
30,170.703,345.199,62.077,0.05143,0.916,1.4045,28.33,0,0,0
31,123.026,229.136,51.627,0.07723,0.9124,1.4135,21.97,0,0,0
32,166.614,330.441,49.058,5e-05,0.8776,1.4222,22.53,0,0,0
33,161.732,226.278,36.732,0.06911,0.8305,1.4304,14.29,0,0,0
34,210.372,358.779,41.294,0.00065,0.6558,1.4382,21.87,0,0,0
35,149.831,200.224,44.818,0.00099,0.8133,1.4455,33.67,0,0,0
36,208.138,360.991,26.209,0.03799,0.5808,1.4524,22.12,0,0,0
37,146.193,203.211,52.106,0.00533,0.8182,1.4589,34.83,0,0,0
38,177.587,254.033,27.877,0.08449,0.6711,1.4649,22.51,0,0,0
39,174.546,310.022,40.06,0.00311,0.7314,1.4704,24.84,0,0,0
40,208.411,275.791,32.256,0.02497,0.5723,1.4755,21.7,0,0,0
41,199.684,390.264,34.567,0.0421,0.6849,1.4801,27.46,0,0,0
42,265.408,368.794,15.993,0.00384,0.4185,1.4843,18.16,0,0,0
43,199.819,390.648,43.141,0.14217,0.4594,1.488,25.56,0,0,0
44,229.75,332.849,35.446,0.049,0.5757,1.4911,19.49,0,0,0
45,244.599,399.959,31.003,0.06182,0.4532,1.4938,23.71,0,0,0
46,239.578,343.969,24.767,0.00307,0.4206,1.4961,26.9,0,0,0
47,254.118,317.007,30.969,0.1172,0.2985,1.4978,31.41,0,0,0
48,266.554,453.233,14.565,0.00032,0.2816,1.499,20.28,0,0,0
49,272.997,509.064,26.588,0.03829,0.2583,1.4998,22.77,0,0,0
50,288.697,430.719,26.341,0.00244,0.2948,1.5,24.51,0,0,0
51,291.344,541.639,16.119,0.08744,0.1141,1.4998,26.09,0,0,0
52,228.14,392.171,38.837,0.29885,0.1965,1.499,23.39,0,0,0
53,327.542,574.647,17.237,0.00321,0.116,1.4978,22.06,0,0,0
54,327.92,423.129,1.0,0.02038,0.2188,1.4961,29.89,0,0,0
55,332.706,571.9,17.775,0.07397,0.0998,1.4938,5.83,0,0,0
56,227.409,420.738,29.067,0.33206,0.1847,1.4911,31.66,0,0,0
57,334.065,426.117,1.0,0.00141,0.0611,1.488,30.08,0,0,0
58,344.64,642.532,8.712,0.00303,0.1751,1.4843,28.52,0,0,0
59,301.485,558.442,14.066,0.08626,0.05,1.4801,28.41,0,0,0
60,327.226,595.045,10.722,0.07366,0.05,1.4755,19.01,0,0,0
61,335.705,450.831,2.695,0.0516,0.05,1.4704,23.26,0,0,0
62,301.501,601.362,9.088,0.00634,0.05,1.4649,29.21,0,0,0
63,298.148,375.441,13.98,0.03439,0.093,1.4589,18.96,0,0,0
64,317.639,482.584,17.306,0.0174,0.05,1.4524,21.63,0,0,0
65,343.64,422.081,1.0,0.01491,0.05,1.4455,20.46,0,0,0
66,308.105,400.911,5.129,0.02981,0.05,1.4382,25.96,0,0,0
67,338.38,495.306,8.36,0.0083,0.05,1.4304,13.89,0,0,0
68,319.517,428.963,20.449,0.07048,0.05,1.4222,26.85,0,0,0
69,278.851,338.28,18.632,0.07621,0.05,1.4135,26.97,0,0,0
70,333.257,596.542,1.0,0.01819,0.05,1.4045,36.83,0,0,0
71,319.104,587.637,17.931,0.0218,0.05,1.3951,18.63,0,0,0
72,321.28,405.05,11.889,0.00048,0.05,1.3853,24.86,0,0,0
73,326.745,565.83,7.653,0.00486,0.05,1.3751,26.41,0,0,0
74,341.317,527.468,1.0,0.00156,0.05,1.3645,19.44,0,0,0
75,216.421,418.609,36.524,0.31607,0.05,1.3536,36.81,0,0,0
76,350.359,606.771,1.0,0.00104,0.05,1.3423,41.99,0,0,0
77,319.329,381.149,2.59,0.01211,0.05,1.3307,23.16,0,0,0
78,318.236,415.158,9.473,0.07114,0.05,1.3187,21.06,0,0,0
79,338.597,656.381,21.801,1e-05,0.05,1.3065,33.17,0,0,0
80,330.073,431.602,8.991,0.02882,0.05,1.2939,37.96,0,0,0
81,340.859,561.832,1.0,0.00555,0.05,1.281,28.84,0,0,0
82,313.324,409.035,20.406,0.00241,0.05,1.2679,33.06,0,0,0
83,319.375,514.495,3.448,0.00224,0.05,1.2545,23.71,0,0,0
84,321.553,510.506,12.876,0.01847,0.102,1.2409,21.41,0,0,0
85,323.497,381.713,17.613,0.03136,0.05,1.227,30.95,0,0,0
86,277.903,446.409,24.238,0.05459,0.2874,1.2129,45.93,0,1,0
87,302.962,562.456,18.687,0.0005,0.1724,1.1986,23.91,0,1,0
88,249.149,395.116,18.42,0.12611,0.1661,1.1841,30.94,0,1,0
89,197.304,256.299,30.963,0.26893,0.3523,1.1694,20.85,0,1,0
90,215.614,361.96,41.197,0.23635,0.3275,1.1545,20.01,0,1,0
91,334.785,594.676,5.286,0.01472,0.1606,1.1395,33.51,0,1,0
92,267.793,373.434,30.14,0.00371,0.3233,1.1243,29.81,0,1,0
93,263.167,445.081,26.334,0.06056,0.231,1.1091,28.19,0,1,0
94,226.76,400.832,29.759,0.01639,0.4541,1.0937,26.63,0,1,0
95,297.209,384.767,15.026,0.03365,0.2715,1.0782,26.47,0,1,0
96,235.965,422.196,9.383,0.0648,0.4256,1.0627,17.85,0,1,0
97,302.279,555.205,18.646,0.015,0.3182,1.0471,23.44,0,1,0
98,244.943,484.294,19.276,0.03329,0.3665,1.0314,20.43,0,1,0
99,215.656,425.003,31.205,0.05319,0.5513,1.0157,23.36,0,1,0
100,221.218,267.207,34.828,0.00844,0.6774,1.0,10.98,0,1,0
101,174.277,226.834,35.081,0.00061,0.7867,0.9843,24.83,0,1,0
102,209.922,285.955,53.943,0.18986,0.5392,0.9686,19.3,0,1,0
103,216.449,436.811,30.207,0.01287,0.6266,0.9529,32.85,0,1,0
104,175.423,289.358,39.539,0.04115,0.8634,0.9373,33.96,0,1,0
105,198.796,279.731,39.276,0.01814,0.6644,0.9218,34.29,0,1,0
106,181.566,226.981,38.246,0.07113,0.7646,0.9063,10.39,0,1,0
107,217.355,407.784,39.752,0.00537,0.5771,0.8909,24.79,0,1,0
108,167.511,193.305,48.834,0.09531,0.8615,0.8757,21.14,0,1,0
109,165.284,306.587,34.097,0.01725,0.79,0.8605,40.67,0,1,0
110,140.533,257.227,36.531,0.01605,0.99,0.8455,24.77,0,1,0
111,146.116,226.557,32.735,0.02091,0.8609,0.8306,44.2,0,1,0
112,157.621,310.1,42.442,0.01705,0.99,0.8159,31.25,0,1,0
113,164.58,272.557,51.111,1e-05,0.9228,0.8014,32.77,0,1,0
114,205.931,328.268,52.517,0.02845,0.7926,0.7871,28.96,0,1,0
115,217.025,398.832,31.199,0.1112,0.5617,0.773,25.19,0,0,0
116,208.276,346.996,38.164,0.00979,0.6892,0.7591,24.11,0,0,0
117,259.195,404.354,30.661,0.00325,0.4569,0.7455,30.94,0,0,0
118,191.313,347.925,43.098,0.01257,0.7742,0.7321,18.58,0,0,0
119,200.011,239.435,27.693,0.00508,0.6959,0.719,11.34,0,0,0
120,223.575,293.815,25.412,0.00633,0.6103,0.7061,35.03,0,0,0
121,180.167,247.233,45.113,0.00065,0.7862,0.6935,18.76,0,0,0
122,153.83,257.778,40.333,0.0149,0.9382,0.6813,24.14,0,0,0
123,151.435,226.434,51.379,0.00169,0.99,0.6693,32.45,0,0,0
124,205.164,323.37,37.448,0.00759,0.8269,0.6577,24.88,0,0,0
125,186.841,269.711,49.397,0.00021,0.8719,0.6464,21.89,0,0,0
126,164.144,324.938,33.772,0.05409,0.7815,0.6355,14.93,0,0,0
127,198.26,275.804,39.251,0.00126,0.7542,0.6249,6.83,0,0,0
128,171.855,329.28,28.592,0.01125,0.7916,0.6147,19.86,0,0,0
129,211.185,332.633,38.535,0.02011,0.714,0.6049,17.79,0,0,0
130,159.411,317.252,40.208,0.00045,0.829,0.5955,45.09,0,0,0
131,134.034,185.78,27.697,0.09208,0.6644,0.5865,22.94,0,0,0
132,163.295,274.341,49.269,0.00811,0.8312,0.5778,28.39,0,0,0
133,189.024,237.016,51.629,0.0026,0.794,0.5696,18.84,0,0,0
134,200.034,346.204,36.751,0.00684,0.7682,0.5618,18.69,0,0,0
135,217.783,403.842,43.483,0.04027,0.6416,0.5545,19.98,0,0,0
136,174.022,222.222,44.928,0.20667,0.6137,0.5476,24.12,0,0,0
137,188.361,360.08,32.422,0.11015,0.7324,0.5411,26.21,0,0,0
138,177.195,243.756,42.612,0.01406,0.8035,0.5351,40.44,0,0,0
139,252.249,379.28,22.406,0.0039,0.5055,0.5296,35.76,0,0,0
140,214.492,374.419,28.679,0.00061,0.6079,0.5245,11.42,0,0,0
141,261.257,399.441,24.085,0.00114,0.5094,0.5199,20.11,0,0,0
142,192.724,252.483,30.355,0.00145,0.6869,0.5157,19.44,0,0,0
143,198.788,271.597,25.77,0.02085,0.5953,0.512,35.04,0,0,0
144,249.199,345.736,37.603,0.04145,0.39,0.5089,15.24,0,0,0
145,277.641,387.679,20.063,0.00084,0.3942,0.5062,30.46,0,0,0
146,237.078,322.584,39.739,0.06346,0.4957,0.5039,19.18,0,0,0
147,184.245,247.091,28.415,0.13938,0.4757,0.5022,39.98,0,0,0
148,284.212,459.897,24.678,0.01925,0.3126,0.501,32.72,0,0,0
149,303.049,524.202,31.55,0.05668,0.1909,0.5002,16.13,0,0,0
150,291.362,550.912,25.265,0.00381,0.33,0.5,28.2,0,0,0
151,255.765,403.904,32.487,0.00097,0.4227,0.5002,18.0,0,0,0
152,294.679,441.569,18.983,0.02185,0.2958,0.501,36.74,0,0,0
153,296.736,579.907,15.661,0.08882,0.2036,0.5022,33.51,0,0,0
154,297.062,386.088,21.851,0.0927,0.1768,0.5039,15.01,0,0,0
155,305.715,381.575,8.912,0.05992,0.193,0.5062,16.62,0,0,0
156,297.761,509.585,9.511,0.00885,0.2825,0.5089,35.53,0,0,0
157,324.102,426.846,14.301,0.01075,0.05,0.512,27.41,0,0,0
158,318.614,488.77,11.898,0.05448,0.0547,0.5157,32.32,0,0,0
159,341.691,611.619,1.0,0.01847,0.05,0.5199,28.34,0,0,0
160,331.268,647.903,1.0,0.00344,0.05,0.5245,34.27,0,0,0
161,258.242,352.548,22.615,0.008,0.2476,0.5296,35.88,0,0,0
162,323.866,503.719,15.57,0.00099,0.05,0.5351,28.76,0,0,0
163,340.693,497.45,5.319,0.01857,0.05,0.5411,20.25,0,0,0
164,354.038,587.423,15.453,0.00265,0.05,0.5476,30.7,0,0,0
165,326.539,443.83,1.134,0.03038,0.05,0.5545,35.62,0,0,0
166,334.17,445.515,1.0,0.00518,0.05,0.5618,22.66,0,0,0
167,331.613,539.983,1.0,0.01657,0.05,0.5696,24.95,0,0,0
168,381.22,525.061,2.709,0.00273,0.05,0.5778,25.23,0,0,0
169,325.556,487.309,3.744,0.00049,0.05,0.5865,31.12,0,0,0
170,333.104,474.44,7.473,0.00494,0.05,0.5955,19.49,0,0,0
171,339.653,612.499,7.945,0.00218,0.05,0.6049,29.24,0,0,0
172,340.574,646.593,24.764,0.00591,0.05,0.6147,13.47,0,0,0
173,341.415,576.253,15.374,0.0249,0.05,0.6249,14.98,0,0,0
174,317.765,502.767,11.849,0.05579,0.05,0.6355,35.21,0,0,0
175,334.385,484.422,15.586,0.04435,0.05,0.6464,22.8,0,0,0
176,359.595,641.447,1.0,0.00014,0.05,0.6577,38.85,0,0,0
177,301.326,555.228,24.019,0.09511,0.05,0.6693,35.38,0,0,0
178,348.515,565.705,14.73,0.02102,0.05,0.6813,26.98,0,0,0
179,334.72,477.5,13.95,0.00131,0.05,0.6935,18.76,0,0,0
180,244.292,483.204,22.746,0.2622,0.05,0.7061,18.57,0,0,0
181,288.018,467.247,30.066,0.08678,0.05,0.719,32.56,0,0,0
182,323.21,631.34,18.378,0.07699,0.05,0.7321,21.67,0,0,0
183,322.24,520.135,13.876,0.0182,0.05,0.7455,20.79,0,0,0
184,360.537,608.701,12.993,0.00375,0.05,0.7591,23.77,0,0,0
185,344.227,488.66,5.54,0.00482,0.05,0.773,29.74,0,0,0
186,340.799,511.046,5.68,0.00572,0.1256,0.7871,50.0,0,0,0
187,295.384,338.212,17.738,0.12462,0.05,0.8014,25.82,0,0,0
188,347.356,424.129,1.139,0.06745,0.05,0.8159,17.68,0,0,0
189,319.32,574.756,18.566,0.02643,0.05,0.8306,20.19,0,0,0
190,322.127,409.114,5.58,3e-05,0.0965,0.8455,22.68,0,0,0
191,328.539,620.494,9.291,0.00344,0.05,0.8605,43.37,0,0,0
192,328.977,510.683,2.486,0.00044,0.05,0.8757,14.48,0,0,0
193,285.327,421.174,16.277,0.0051,0.2281,0.8909,18.89,0,0,0
194,285.807,472.084,30.577,0.11612,0.1153,0.9063,28.19,0,0,0
195,339.984,542.881,17.5,0.00676,0.1246,0.9218,13.83,0,0,0
196,280.398,523.499,19.127,0.02203,0.2534,0.9373,14.59,0,0,0
197,304.758,403.995,23.85,0.03299,0.3069,0.9529,14.96,0,0,0
198,310.196,610.554,30.693,0.04233,0.2014,0.9686,14.47,0,0,0
199,276.544,364.581,1.754,0.00207,0.3397,0.9843,22.27,0,0,0
200,1.303,1.218,82.521,0.73807,0.2637,1.0,0.18,1,0,0
201,1.397,1.39,100.824,0.95144,0.3684,1.0157,0.31,1,0,0
202,0.473,0.356,56.176,0.5084,0.3683,1.0314,3.83,1,0,0
203,0.204,0.826,90.14,0.94277,0.1843,1.0471,1.86,1,0,0
204,1.869,1.767,83.343,0.75255,0.3811,1.0627,3.68,1,0,0
205,1.655,1.596,72.366,0.51981,0.5339,1.0782,3.63,1,0,0
206,1.808,0.14,82.355,0.84323,0.5909,1.0937,2.91,1,0,0
207,1.446,0.268,100.356,0.85571,0.5309,1.1091,-4.85,1,0,0
208,0.606,1.163,113.161,0.86304,0.5119,1.1243,2.04,1,0,0
209,0.173,1.827,84.884,0.74422,0.6476,1.1395,3.75,1,0,0
210,0.727,0.159,82.356,0.80674,0.5578,1.1545,-2.79,1,0,0
211,0.531,1.296,97.01,0.97838,0.5549,1.1694,-0.3,1,0,0
212,0.621,1.415,75.214,0.59586,0.6452,1.1841,0.2,1,0,0
213,1.985,0.877,112.835,0.95549,0.6685,1.1986,0.55,1,0,0
214,1.609,1.414,104.728,0.82403,0.7103,1.2129,0.92,1,0,0
215,0.196,0.474,79.136,0.7129,0.653,1.227,2.47,1,0,0
216,242.929,464.872,34.316,0.00992,0.5601,1.2409,27.3,0,0,0
217,189.903,295.802,41.632,0.13626,0.5729,1.2545,25.95,0,0,0
218,205.799,375.162,17.816,0.01827,0.6528,1.2679,25.85,0,0,0
219,131.511,196.631,54.161,0.0801,0.8545,1.281,27.85,0,0,0
220,164.876,314.955,36.618,0.06993,0.9074,1.2939,31.37,0,0,0
221,160.193,277.582,42.571,0.10484,0.7508,1.3065,26.47,0,0,0
222,157.156,294.522,40.983,0.04335,0.8538,1.3187,22.55,0,0,0
223,208.618,265.161,23.446,0.00212,0.6977,1.3307,7.22,0,0,0
224,173.318,242.568,42.18,0.00032,0.8043,1.3423,11.55,0,0,0
225,156.566,293.639,61.03,0.16055,0.8305,1.3536,20.53,0,0,0
226,166.276,267.139,30.362,0.03155,0.7864,1.3645,29.45,0,0,0
227,196.12,395.198,38.675,0.00983,0.7635,1.3751,32.49,0,0,0
228,179.045,298.638,48.728,0.03962,0.7833,1.3853,30.93,0,0,0
229,213.867,355.565,31.466,0.00563,0.6472,1.3951,22.09,0,0,0
230,179.184,285.334,43.601,0.03628,0.9044,1.4045,32.78,0,0,0
231,156.312,214.522,49.21,0.13005,0.7451,1.4135,30.92,0,0,0
232,170.175,313.522,44.752,0.00118,0.8411,1.4222,34.78,0,0,0
233,171.905,296.573,49.234,0.14189,0.7373,1.4304,24.94,0,0,0
234,215.464,337.25,14.88,6e-05,0.5141,1.4382,35.17,0,0,0
235,170.515,227.078,29.538,0.01258,0.7506,1.4455,18.38,0,0,0
236,164.264,237.044,39.066,0.0301,0.8279,1.4524,30.15,0,0,0
237,185.683,274.156,39.771,0.09869,0.7059,1.4589,25.43,0,0,0
238,226.255,299.044,25.512,0.01372,0.6269,1.4649,33.99,0,0,0
239,205.574,392.314,18.95,0.01904,0.6777,1.4704,27.5,0,0,0
240,212.783,277.957,51.697,0.03742,0.686,1.4755,27.9,0,0,0
241,249.819,464.173,18.061,0.01435,0.5289,1.4801,26.08,0,0,0
242,288.885,368.14,15.597,0.04767,0.2674,1.4843,15.52,0,0,0
243,179.391,277.078,33.466,0.09293,0.5576,1.488,27.22,0,0,0
244,274.728,526.98,29.886,0.00637,0.3494,1.4911,22.05,0,0,0
245,276.369,480.872,24.054,0.00046,0.3752,1.4938,29.7,0,0,0
246,260.561,461.775,27.415,0.10849,0.26,1.4961,24.57,0,0,0
247,246.346,425.369,17.793,0.02071,0.4722,1.4978,26.27,0,0,0
248,269.359,402.905,25.205,0.0142,0.4029,1.499,11.75,0,0,0
249,277.809,336.055,36.84,0.0444,0.3741,1.4998,25.33,0,0,0
250,295.088,388.029,14.678,0.00253,0.2573,1.5,30.19,0,0,0
251,278.154,502.67,34.389,0.04584,0.3089,1.4998,25.55,0,0,0
252,273.264,446.529,22.782,0.0615,0.2904,1.499,19.39,0,0,0
253,318.53,488.087,9.636,7e-05,0.0506,1.4978,31.44,0,0,0
254,239.064,347.248,11.918,0.11752,0.2981,1.4961,29.66,0,0,0
255,327.781,472.16,13.243,0.0,0.0707,1.4938,22.06,0,0,0
256,313.696,504.106,1.495,0.00101,0.1478,1.4911,35.85,0,0,0
257,326.421,493.777,16.359,0.01251,0.078,1.488,24.23,0,0,0
258,330.826,638.53,2.826,0.00205,0.0617,1.4843,28.77,0,0,0
259,344.888,550.086,13.815,0.00998,0.05,1.4801,19.01,0,0,0
260,310.344,420.566,9.264,0.04879,0.05,1.4755,14.19,0,0,0
261,359.302,577.864,9.14,0.04121,0.05,1.4704,21.77,0,0,0
262,315.795,467.16,6.99,0.0065,0.05,1.4649,15.65,0,0,0
263,343.856,569.605,1.0,0.02087,0.05,1.4589,26.16,0,0,0
264,323.77,541.76,11.553,0.09242,0.05,1.4524,33.29,0,0,0
265,352.068,488.803,21.464,0.03622,0.05,1.4455,16.56,0,0,0
266,348.623,673.837,19.78,0.00309,0.05,1.4382,32.06,0,0,0
267,336.457,512.613,5.333,0.13344,0.05,1.4304,29.26,0,0,0
268,291.942,378.185,15.957,0.13679,0.05,1.4222,33.77,0,0,0
269,356.611,535.868,16.881,0.00747,0.05,1.4135,17.06,0,0,0
270,344.153,532.919,1.0,0.04754,0.05,1.4045,25.9,0,0,0
271,333.126,656.103,5.12,0.00662,0.05,1.3951,25.13,0,0,0
272,317.059,595.199,5.394,0.11579,0.05,1.3853,23.05,0,0,0
273,332.31,609.138,1.36,0.05672,0.05,1.3751,32.73,0,0,0
274,327.677,408.596,7.847,0.01086,0.05,1.3645,21.06,0,0,0
275,301.052,515.292,19.313,0.13204,0.05,1.3536,15.21,0,0,0
276,299.664,455.098,10.642,0.05277,0.05,1.3423,14.07,0,0,0
277,327.077,638.493,16.846,0.04043,0.05,1.3307,15.83,0,0,0
278,316.761,558.653,9.933,0.00058,0.05,1.3187,17.29,0,0,0
279,325.888,568.485,16.264,0.00021,0.05,1.3065,27.46,0,0,0
280,311.434,533.451,13.923,0.10909,0.05,1.2939,19.32,0,0,0
281,301.524,457.248,18.901,0.07486,0.05,1.281,25.02,0,0,0
282,321.931,427.088,23.469,0.08003,0.05,1.2679,19.6,0,0,0
283,341.273,645.833,1.0,0.02043,0.05,1.2545,20.91,0,0,0
284,320.1,401.975,8.98,0.02549,0.05,1.2409,32.22,0,0,0
285,304.509,536.087,22.866,0.06677,0.05,1.227,13.27,0,0,0
286,251.737,364.893,15.598,0.07232,0.3786,1.2129,35.5,0,1,0
287,316.811,574.21,5.654,0.01283,0.1711,1.1986,20.73,0,1,0
288,302.387,540.985,26.108,9e-05,0.2688,1.1841,29.22,0,1,0
289,259.782,408.549,30.585,0.08281,0.2085,1.1694,20.7,0,1,0
290,238.705,367.87,32.338,0.13581,0.3211,1.1545,21.57,0,1,0
291,260.989,318.204,20.29,0.01187,0.3383,1.1395,11.12,0,1,0
292,234.234,305.528,39.257,0.12401,0.4394,1.1243,16.05,0,1,0
293,290.265,379.623,11.684,0.02179,0.2505,1.1091,25.51,0,1,0
294,271.507,449.457,16.328,0.04883,0.3019,1.0937,34.26,0,1,0
295,307.778,603.685,32.357,0.03829,0.1899,1.0782,26.4,0,1,0
296,230.766,439.942,27.071,0.01506,0.5124,1.0627,27.55,0,1,0
297,247.981,413.141,35.814,0.1585,0.2936,1.0471,10.36,0,1,0
298,224.568,380.67,25.1,0.00702,0.4951,1.0314,30.27,0,1,0
299,276.407,517.004,15.233,0.0513,0.2363,1.0157,20.65,0,1,0
300,269.195,501.047,25.611,0.00164,0.5511,1.0,14.88,0,1,0
301,209.354,303.546,37.369,0.00919,0.5435,0.9843,18.52,0,1,0
302,199.827,311.538,44.22,0.00838,0.632,0.9686,24.63,0,1,0
303,164.639,337.267,49.145,0.14832,0.7328,0.9529,23.96,0,1,0
304,225.746,328.55,18.405,0.09822,0.4553,0.9373,10.16,0,1,0
305,129.716,276.023,65.184,0.32068,0.7129,0.9218,31.03,0,1,0
306,223.703,325.195,26.764,0.00039,0.6023,0.9063,19.42,0,1,0
307,153.628,254.391,42.414,0.02498,0.9204,0.8909,25.73,0,1,0
308,199.601,369.02,45.412,0.0131,0.6888,0.8757,31.05,0,1,0
309,160.411,239.114,62.173,0.15488,0.7579,0.8605,28.83,0,1,0
310,172.64,280.836,43.54,0.00652,0.843,0.8455,35.43,0,1,0
311,183.73,264.489,37.402,0.02054,0.7427,0.8306,18.46,0,1,0
312,165.488,328.74,43.338,0.05938,0.8904,0.8159,22.78,0,1,0
313,182.312,328.486,42.921,0.05046,0.8371,0.8014,17.75,0,1,0
314,134.373,173.798,38.803,0.01169,0.9813,0.7871,41.77,0,1,0
315,211.759,400.273,25.98,0.07314,0.6354,0.773,16.02,0,0,0
316,206.121,367.74,27.759,0.04545,0.6087,0.7591,37.67,0,0,0
317,160.281,219.52,35.05,0.00798,0.9069,0.7455,21.68,0,0,0
318,197.646,312.527,35.471,0.00134,0.7178,0.7321,27.57,0,0,0
319,178.759,317.68,41.801,0.01112,0.7881,0.719,12.59,0,0,0
320,189.563,324.929,42.518,0.00069,0.7421,0.7061,27.5,0,0,0
321,185.277,350.105,40.208,0.01184,0.767,0.6935,29.91,0,0,0
322,195.266,368.315,33.058,0.0488,0.73,0.6813,13.46,0,0,0
323,138.746,180.716,46.59,0.03521,0.939,0.6693,15.77,0,0,0
324,159.9,274.989,54.585,0.02882,0.9458,0.6577,39.12,0,0,0
325,201.46,281.967,25.321,0.00021,0.7415,0.6464,18.51,0,0,0
326,167.263,295.084,36.785,0.01662,0.781,0.6355,34.59,0,0,0
327,170.18,196.139,38.464,0.12842,0.7626,0.6249,32.59,0,0,0
328,209.78,341.036,26.574,0.00106,0.6644,0.6147,25.72,0,0,0
329,175.011,338.845,52.591,0.18607,0.6912,0.6049,30.79,0,0,0
330,191.843,371.579,43.203,0.01805,0.8726,0.5955,16.83,0,0,0
331,177.232,320.085,48.706,0.10527,0.6549,0.5865,28.53,0,0,0
332,163.837,322.639,53.6,0.22945,0.6645,0.5778,33.43,0,0,0
333,162.725,258.633,45.136,0.11397,0.7876,0.5696,26.96,0,0,0
334,194.679,320.345,29.774,0.00997,0.7388,0.5618,12.08,0,0,0
335,169.757,232.983,33.217,0.00067,0.7359,0.5545,12.05,0,0,0
336,240.67,399.01,36.576,0.00039,0.6646,0.5476,14.68,0,0,0
337,226.961,379.576,47.158,0.074,0.5276,0.5411,41.42,0,0,0
338,270.704,506.651,29.568,0.01585,0.35,0.5351,15.78,0,0,0
339,224.277,332.315,52.842,0.03737,0.692,0.5296,18.01,0,0,0
340,242.396,438.934,43.39,0.00492,0.5356,0.5245,13.5,0,0,0
341,222.85,410.11,38.764,0.00184,0.5739,0.5199,10.21,0,0,0
342,184.508,334.496,46.291,0.13079,0.6167,0.5157,17.06,0,0,0
343,208.035,356.875,42.058,0.01479,0.592,0.512,22.51,0,0,0
344,257.294,399.787,6.713,0.00011,0.4139,0.5089,40.51,0,0,0
345,282.752,347.426,16.27,0.00187,0.2847,0.5062,20.34,0,0,0
346,233.311,337.442,18.257,0.001,0.5554,0.5039,31.06,0,0,0
347,236.099,390.229,35.493,0.00778,0.4802,0.5022,22.33,0,0,0
348,227.091,449.598,21.194,0.12832,0.3667,0.501,30.08,0,0,0
349,283.238,425.64,8.793,0.00378,0.2619,0.5002,19.25,0,0,0
350,265.36,410.138,1.0,0.02865,0.3595,0.5,32.3,0,0,0
351,329.036,629.388,11.609,0.00028,0.14,0.5002,27.79,0,0,0
352,307.467,399.627,15.085,0.02089,0.226,0.501,19.06,0,0,0
353,337.366,653.34,11.439,0.07123,0.05,0.5022,32.9,0,0,0
354,249.911,404.83,26.751,0.0401,0.3515,0.5039,21.92,0,0,0
355,328.106,468.344,15.294,0.02015,0.1118,0.5062,11.71,0,0,0
356,308.967,488.928,1.0,0.01615,0.0657,0.5089,20.02,0,0,0
357,265.218,522.528,26.956,0.1722,0.1197,0.512,29.84,0,0,0
358,269.645,528.293,12.158,0.06247,0.2037,0.5157,25.08,0,0,0
359,335.404,476.543,7.166,0.00121,0.05,0.5199,18.69,0,0,0
360,325.627,434.739,9.813,0.00524,0.1118,0.5245,28.58,0,0,0
361,341.492,465.11,10.543,0.03074,0.05,0.5296,11.14,0,0,0
362,330.55,628.506,1.0,0.0,0.05,0.5351,26.69,0,0,0
363,336.418,494.366,3.996,0.00132,0.05,0.5411,15.57,0,0,0
364,328.163,420.189,6.234,0.01309,0.05,0.5476,19.95,0,0,0
365,352.596,566.689,12.056,0.00767,0.05,0.5545,19.19,0,0,0
366,326.492,628.261,22.249,0.01259,0.05,0.5618,26.42,0,0,0
367,333.277,613.144,9.846,0.03141,0.05,0.5696,37.73,0,0,0
368,328.328,563.006,6.893,0.03974,0.05,0.5778,33.95,0,0,0
369,330.707,484.685,11.711,0.09269,0.05,0.5865,27.39,0,0,0
370,331.357,516.74,1.0,0.02108,0.05,0.5955,34.48,0,0,0
371,354.983,660.085,1.0,0.00376,0.05,0.6049,15.75,0,0,0
372,337.305,605.867,11.706,0.0225,0.05,0.6147,36.12,0,0,0
373,305.156,404.809,26.074,0.14727,0.05,0.6249,38.49,0,0,0
374,334.886,560.486,5.358,0.04829,0.05,0.6355,36.3,0,0,0
375,324.904,604.468,3.968,0.06195,0.05,0.6464,21.42,0,0,0
376,323.566,411.247,24.113,0.02065,0.05,0.6577,16.74,0,0,0
377,341.341,596.7,14.69,0.01869,0.05,0.6693,24.48,0,0,0
378,325.765,626.671,1.0,0.03516,0.05,0.6813,15.73,0,0,0
379,333.123,540.189,2.733,0.00297,0.05,0.6935,27.6,0,0,0
380,340.285,556.616,1.0,0.00717,0.05,0.7061,26.43,0,0,0
381,343.103,701.059,7.367,0.00382,0.05,0.719,19.58,0,0,0
382,306.929,422.314,14.846,0.05597,0.05,0.7321,23.15,0,0,0
383,321.091,645.584,7.63,0.08287,0.05,0.7455,25.98,0,0,0
384,350.896,645.663,1.0,0.01406,0.05,0.7591,20.92,0,0,0
385,327.67,526.305,13.563,0.00372,0.0825,0.773,11.78,0,0,0
386,335.049,534.059,4.894,0.00405,0.05,0.7871,26.58,0,0,0
387,328.258,409.02,12.922,0.00067,0.05,0.8014,33.6,0,0,0
388,350.276,493.131,3.136,0.0071,0.05,0.8159,15.43,0,0,0
389,365.598,567.819,21.035,0.00434,0.05,0.8306,30.78,0,0,0
390,338.003,544.519,2.585,0.01129,0.0958,0.8455,13.29,0,0,0
391,317.049,533.56,16.23,0.04789,0.05,0.8605,25.98,0,0,0
392,313.652,539.147,15.708,0.09224,0.05,0.8757,23.47,0,0,0
393,289.883,415.07,9.036,0.00874,0.1763,0.8909,23.78,0,0,0
394,302.123,402.114,19.86,0.00339,0.2199,0.9063,28.21,0,0,0
395,313.184,401.522,1.0,0.0543,0.1079,0.9218,17.48,0,0,0
396,273.014,375.134,32.844,0.13247,0.1686,0.9373,31.12,0,0,0
397,208.545,364.363,39.407,0.26264,0.2432,0.9529,21.16,0,0,0
398,230.315,321.976,24.553,0.06586,0.2896,0.9686,21.69,0,0,0
399,283.621,449.043,20.571,0.01354,0.3128,0.9843,29.84,0,0,0
400,256.611,519.913,93.64,0.00382,0.404,1.0,27.87,0,0,1
401,268.505,358.03,55.622,0.06712,0.305,1.0157,32.74,0,0,1
402,251.28,437.627,45.288,0.07494,0.4038,1.0314,32.32,0,0,1
403,296.577,519.85,52.711,0.01755,0.2499,1.0471,29.32,0,0,1
404,207.72,261.49,181.146,0.1147,0.5676,1.0627,31.63,0,0,1
405,215.417,270.587,64.908,0.13418,0.4952,1.0782,35.46,0,0,1
406,224.345,399.909,57.899,0.16645,0.3782,1.0937,27.59,0,0,1
407,204.143,298.589,54.521,0.08865,0.5993,1.1091,26.84,0,0,1
408,167.202,332.207,345.91,0.26825,0.423,1.1243,27.73,0,0,1
409,196.54,296.22,115.843,0.00621,0.6892,1.1395,19.34,0,0,1
410,201.538,286.695,66.949,0.04288,0.6511,1.1545,18.99,0,0,1
411,208.597,274.622,133.422,0.04663,0.5594,1.1694,27.29,0,0,1
412,118.541,225.559,80.057,0.37865,0.702,1.1841,28.01,0,0,1
413,127.894,202.845,134.416,0.17589,0.7298,1.1986,38.48,0,0,1
414,210.318,286.692,217.149,0.04615,0.6564,1.2129,22.23,0,0,1
415,223.583,396.799,356.662,0.16592,0.5189,1.227,7.89,0,0,1
416,212.218,303.993,250.238,0.00066,0.7322,1.2409,39.37,0,0,1
417,188.796,254.033,60.799,2e-05,0.7254,1.2545,17.29,0,0,1
418,256.874,510.735,190.568,0.01627,0.5761,1.2679,11.58,0,0,1
419,187.587,245.809,100.6,0.00012,0.8847,1.281,11.87,0,0,1
420,186.834,284.581,137.314,0.04099,0.7265,1.2939,3.84,0,0,1
421,223.631,442.086,41.088,0.05227,0.6664,1.3065,36.1,0,0,1
422,141.441,186.498,103.481,0.02647,0.8868,1.3187,19.68,0,0,1
423,181.022,330.208,72.091,0.01819,0.8369,1.3307,40.24,0,0,1
424,181.821,351.687,48.738,0.00419,0.8481,1.3423,31.36,0,0,1
425,177.051,238.282,52.047,0.04183,0.7581,1.3536,23.21,0,0,1
426,172.483,209.291,79.422,0.00014,0.7983,1.3645,23.04,0,0,1
427,181.553,269.339,183.267,0.13723,0.7142,1.3751,28.25,0,0,1
428,167.032,205.691,130.236,0.06828,0.8326,1.3853,14.11,0,0,1
429,189.69,297.156,39.503,0.00116,0.7215,1.3951,15.33,0,0,1
430,185.628,352.077,42.873,0.01451,0.7992,1.4045,25.56,0,0,1
431,204.186,304.99,84.843,0.01048,0.7048,1.4135,34.04,0,0,1
432,210.47,409.515,35.391,0.00513,0.5803,1.4222,24.94,0,0,1
433,212.574,422.972,58.674,0.00119,0.7739,1.4304,24.9,0,0,1
434,188.027,355.814,139.093,0.03429,0.7778,1.4382,29.6,0,0,1
435,204.63,411.108,91.649,0.00275,0.7525,1.4455,32.09,0,0,1
436,221.886,433.774,147.529,0.0278,0.6927,1.4524,21.76,0,0,1
437,162.055,330.492,72.465,0.00469,0.8093,1.4589,30.08,0,0,1
438,228.573,325.755,61.269,0.03675,0.4878,1.4649,37.62,0,0,1
439,194.859,294.637,55.866,0.00043,0.7134,1.4704,28.83,0,0,1
440,179.409,340.902,214.98,0.04768,0.6123,1.4755,15.23,0,0,1
441,225.347,327.759,25.98,0.04279,0.698,1.4801,38.09,0,0,1
442,200.043,329.34,202.352,0.18694,0.5199,1.4843,35.15,0,0,1
443,269.847,390.139,502.844,0.0016,0.5255,1.488,21.37,0,0,1
444,168.577,262.237,183.638,0.0698,0.6471,1.4911,35.99,0,0,1
445,178.072,306.469,309.884,0.29592,0.4195,1.4938,27.24,0,0,1
446,197.696,302.968,42.546,0.10926,0.5837,1.4961,7.13,0,0,1
447,271.105,349.139,53.428,0.04703,0.3584,1.4978,25.68,0,0,1
448,253.526,347.053,54.03,0.00145,0.396,1.499,24.11,0,0,1
449,271.941,414.727,124.712,0.0097,0.2792,1.4998,26.2,0,0,1
450,273.423,543.379,27.224,0.00886,0.2807,1.5,22.16,0,0,1
451,279.259,386.28,18.575,0.03308,0.347,1.4998,30.95,0,0,0
452,276.432,413.979,27.755,0.02829,0.3755,1.499,25.93,0,0,0
453,259.466,374.538,26.749,0.09136,0.313,1.4978,31.81,0,0,0
454,300.195,490.352,9.364,0.00171,0.2299,1.4961,10.19,0,0,0
455,290.34,534.927,19.339,0.00119,0.251,1.4938,28.96,0,0,0
456,347.003,558.919,4.577,0.0016,0.0948,1.4911,27.96,0,0,0
457,313.746,484.103,20.945,0.09526,0.05,1.488,34.11,0,0,0
458,317.207,563.436,27.216,0.12273,0.1214,1.4843,29.87,0,0,0
459,312.388,588.002,5.584,0.02327,0.1917,1.4801,22.1,0,0,0
460,328.349,440.647,15.576,0.02576,0.05,1.4755,20.9,0,0,0
461,274.911,456.43,10.775,0.11847,0.05,1.4704,24.33,0,0,0
462,345.924,610.184,17.51,0.00389,0.1487,1.4649,16.47,0,0,0
463,309.234,567.473,19.97,0.09829,0.05,1.4589,32.45,0,0,0
464,312.793,619.103,3.192,0.00118,0.05,1.4524,14.03,0,0,0
465,294.526,503.755,33.008,0.09157,0.05,1.4455,17.96,0,0,0
466,337.791,621.446,12.754,0.0398,0.05,1.4382,41.24,0,0,0
467,349.95,552.448,21.899,0.00447,0.05,1.4304,35.29,0,0,0
468,350.287,501.7,13.188,0.01813,0.05,1.4222,35.95,0,0,0
469,316.646,637.62,13.776,0.05885,0.05,1.4135,32.58,0,0,0
470,340.737,467.017,1.202,0.0055,0.05,1.4045,30.45,0,0,0
471,324.548,535.336,6.54,0.00074,0.05,1.3951,23.86,0,0,0
472,353.001,505.91,17.536,0.01913,0.05,1.3853,19.32,0,0,0
473,308.033,593.586,19.411,0.0852,0.05,1.3751,25.04,0,0,0
474,327.833,560.265,14.317,4e-05,0.05,1.3645,28.59,0,0,0
475,340.929,501.888,16.608,0.00575,0.05,1.3536,21.62,0,0,0
476,339.247,435.543,4.401,0.00794,0.05,1.3423,25.1,0,0,0
477,340.798,518.157,18.267,0.02384,0.05,1.3307,11.86,0,0,0
478,306.653,439.762,1.0,0.05437,0.05,1.3187,25.34,0,0,0
479,331.374,536.739,9.653,0.00131,0.05,1.3065,24.62,0,0,0
480,331.093,577.189,6.812,0.00077,0.05,1.2939,13.26,0,0,0
481,335.169,623.962,16.663,0.00308,0.05,1.281,38.58,0,0,0
482,288.308,429.994,21.222,0.13437,0.05,1.2679,26.66,0,0,0
483,324.319,622.288,6.657,0.05455,0.05,1.2545,10.24,0,0,0
484,365.429,446.985,12.517,0.00816,0.05,1.2409,14.92,0,0,0
485,344.434,617.832,11.715,0.07264,0.05,1.227,24.07,0,0,0
486,270.603,448.925,24.977,0.01246,0.2957,1.2129,30.9,0,1,0
487,234.909,434.376,26.729,0.11027,0.3706,1.1986,25.05,0,1,0
488,205.369,242.161,35.883,0.27326,0.3368,1.1841,39.81,0,1,0
489,257.734,473.605,38.563,0.06901,0.3446,1.1694,29.29,0,1,0
490,300.426,371.548,8.119,0.04729,0.2224,1.1545,14.59,0,1,0
491,300.207,571.416,27.087,0.02708,0.2743,1.1395,23.57,0,1,0
492,285.653,387.516,17.176,0.15653,0.1632,1.1243,20.53,0,1,0
493,293.913,355.062,9.176,0.02538,0.1666,1.1091,18.35,0,1,0
494,288.589,539.177,13.298,0.00891,0.289,1.0937,26.39,0,1,0
495,204.0,387.586,26.817,0.07605,0.5968,1.0782,32.71,0,1,0
496,234.169,365.54,26.507,0.00444,0.5803,1.0627,21.54,0,1,0
497,222.87,313.85,36.348,0.32988,0.2427,1.0471,26.29,0,1,0
498,227.665,392.428,13.053,0.03517,0.525,1.0314,22.23,0,1,0
499,213.132,396.426,31.071,0.03062,0.5695,1.0157,32.49,0,1,0
500,218.108,396.124,28.385,0.02557,0.643,1.0,34.1,0,1,0
501,165.747,270.616,48.246,0.02025,0.769,0.9843,27.06,0,1,0
502,212.393,315.18,34.753,0.06605,0.4069,0.9686,20.93,0,1,0
503,191.347,287.32,31.815,0.14269,0.6353,0.9529,38.1,0,1,0
504,214.976,270.463,39.793,0.05284,0.6017,0.9373,23.04,0,1,0
505,195.974,344.96,27.002,7e-05,0.7465,0.9218,17.21,0,1,0
506,165.888,324.032,33.919,0.0249,0.7939,0.9063,18.3,0,1,0
507,172.913,302.035,35.747,0.15971,0.634,0.8909,29.09,0,1,0
508,199.109,344.845,36.906,0.04102,0.6794,0.8757,24.09,0,1,0
509,141.242,207.017,40.228,0.02478,0.9406,0.8605,25.71,0,1,0
510,153.472,276.178,40.026,0.01186,0.9091,0.8455,27.54,0,1,0
511,169.225,202.869,59.812,0.00202,0.8686,0.8306,19.08,0,1,0
512,142.785,192.393,38.314,0.07093,0.8123,0.8159,21.84,0,1,0
513,146.802,170.472,51.247,0.07211,0.8679,0.8014,8.74,0,1,0
514,122.122,231.646,52.323,0.13948,0.99,0.7871,32.44,0,1,0
515,164.131,278.36,36.708,0.02225,0.7953,0.773,20.36,0,0,0
516,194.112,249.293,59.266,0.15646,0.7069,0.7591,27.83,0,0,0
517,198.583,252.292,37.304,9e-05,0.6953,0.7455,13.4,0,0,0
518,231.578,278.403,28.532,0.01331,0.6208,0.7321,21.49,0,0,0
519,210.425,408.92,51.077,0.07913,0.7197,0.719,22.78,0,0,0
520,176.686,210.718,36.358,0.08395,0.8471,0.7061,17.43,0,0,0
521,104.817,173.467,58.93,0.40891,0.8237,0.6935,33.09,0,0,0
522,161.184,243.838,31.593,0.05018,0.8299,0.6813,21.23,0,0,0
523,154.742,222.752,34.857,0.0154,0.855,0.6693,23.77,0,0,0
524,206.306,389.847,41.847,0.00402,0.6195,0.6577,36.19,0,0,0
525,154.034,182.903,44.14,0.0001,0.884,0.6464,20.68,0,0,0
526,140.385,275.709,39.726,0.01089,0.9725,0.6355,9.4,0,0,0
527,148.105,243.584,38.106,0.06083,0.8416,0.6249,35.11,0,0,0
528,159.628,287.645,41.011,0.04131,0.8844,0.6147,30.83,0,0,0
529,157.615,227.898,50.89,0.00344,0.816,0.6049,17.05,0,0,0
530,138.608,235.276,40.048,0.0042,0.9859,0.5955,33.61,0,0,0
531,174.702,240.247,41.415,0.0428,0.8398,0.5865,26.83,0,0,0
532,142.1,174.509,54.14,0.0109,0.9069,0.5778,30.65,0,0,0
533,216.986,416.988,21.384,0.02525,0.7252,0.5696,20.62,0,0,0
534,197.42,388.541,25.416,0.00679,0.7523,0.5618,34.87,0,0,0
535,194.002,330.53,29.51,0.07995,0.6889,0.5545,18.25,0,0,0
536,199.017,255.786,41.493,0.03086,0.7535,0.5476,17.48,0,0,0
537,238.785,303.804,12.965,0.00098,0.5789,0.5411,35.62,0,0,0
538,193.011,287.824,23.038,0.01062,0.6479,0.5351,29.22,0,0,0
539,216.061,274.036,35.796,0.11109,0.5715,0.5296,41.08,0,0,0
540,214.599,330.263,33.663,0.02453,0.592,0.5245,27.57,0,0,0
541,187.445,341.86,45.679,0.12742,0.6092,0.5199,32.65,0,0,0
542,172.588,220.582,56.657,0.2012,0.7254,0.5157,20.86,0,0,0
543,200.661,248.088,29.34,0.14179,0.5049,0.512,32.39,0,0,0
544,233.188,300.284,25.742,0.03812,0.5643,0.5089,30.44,0,0,0
545,208.157,331.661,24.366,0.08757,0.592,0.5062,25.22,0,0,0
546,292.516,541.395,30.008,0.03992,0.3225,0.5039,23.59,0,0,0
547,245.224,356.498,31.575,0.10118,0.3213,0.5022,28.25,0,0,0
548,297.807,425.72,29.11,0.03115,0.3075,0.501,13.54,0,0,0
549,293.416,494.899,13.047,0.00422,0.3421,0.5002,30.73,0,0,0
550,290.169,508.9,18.223,0.00044,0.2656,0.5,27.41,0,0,0
551,275.999,420.007,18.756,0.01972,0.3548,0.5002,25.82,0,0,0
552,300.778,454.479,26.971,0.0048,0.2735,0.501,20.24,0,0,0
553,277.516,418.309,3.535,6e-05,0.2796,0.5022,8.8,0,0,0
554,267.969,510.523,10.416,0.00031,0.2856,0.5039,24.65,0,0,0
555,342.47,620.416,13.462,0.00522,0.1317,0.5062,37.35,0,0,0
556,332.163,402.483,8.186,0.00457,0.181,0.5089,3.85,0,0,0
557,334.568,399.396,1.0,0.00871,0.1178,0.512,37.87,0,0,0
558,302.869,591.628,15.418,0.02124,0.1384,0.5157,14.0,0,0,0
559,313.43,482.141,14.033,0.06594,0.0884,0.5199,19.23,0,0,0
560,311.464,448.402,9.339,1e-05,0.05,0.5245,17.73,0,0,0
561,287.907,383.57,28.734,0.0479,0.0848,0.5296,23.73,0,0,0
562,344.739,660.003,7.46,0.00285,0.05,0.5351,31.41,0,0,0
563,255.4,466.141,26.995,0.32757,0.05,0.5411,17.06,0,0,0
564,329.828,485.49,2.723,0.08492,0.05,0.5476,28.56,0,0,0
565,337.744,592.179,7.489,0.01986,0.05,0.5545,25.66,0,0,0
566,324.753,636.131,2.912,0.0302,0.05,0.5618,20.18,0,0,0
567,343.692,524.395,4.263,0.00398,0.05,0.5696,15.56,0,0,0
568,318.488,502.175,20.565,0.06594,0.05,0.5778,23.85,0,0,0
569,352.739,552.218,15.34,0.01214,0.05,0.5865,34.15,0,0,0
570,324.03,476.837,4.611,0.00241,0.05,0.5955,19.81,0,0,0
571,324.164,427.759,20.127,0.01845,0.05,0.6049,14.94,0,0,0
572,346.45,484.196,1.0,0.00125,0.05,0.6147,26.33,0,0,0
573,299.849,546.337,8.486,0.02583,0.05,0.6249,22.05,0,0,0
574,346.971,499.381,1.0,0.00028,0.05,0.6355,34.11,0,0,0
575,301.643,455.994,4.452,0.06218,0.05,0.6464,22.5,0,0,0
576,326.759,584.044,6.816,0.00702,0.05,0.6577,31.93,0,0,0
577,330.079,574.192,15.51,0.04009,0.05,0.6693,26.59,0,0,0
578,324.088,496.911,15.538,0.03259,0.05,0.6813,28.25,0,0,0
579,327.54,604.613,6.868,0.00969,0.0616,0.6935,18.53,0,0,0
580,297.348,546.292,9.513,0.16899,0.05,0.7061,23.31,0,0,0
581,261.067,379.934,22.152,0.23914,0.05,0.719,35.19,0,0,0
582,343.223,561.723,9.607,0.00118,0.05,0.7321,25.25,0,0,0
583,368.567,689.844,1.0,0.00184,0.05,0.7455,26.12,0,0,0
584,332.273,583.53,15.296,0.00012,0.05,0.7591,26.75,0,0,0
585,329.507,471.284,1.0,0.03818,0.0689,0.773,20.83,0,0,0
586,312.986,403.963,7.744,0.05755,0.05,0.7871,39.06,0,0,0
587,319.928,528.644,8.761,0.02812,0.05,0.8014,29.11,0,0,0
588,288.857,576.03,11.587,0.07176,0.05,0.8159,29.1,0,0,0
589,306.11,454.07,7.313,0.0034,0.05,0.8306,41.67,0,0,0
590,311.538,402.458,32.291,0.01242,0.2088,0.8455,25.9,0,0,0
591,292.803,571.764,10.001,0.07419,0.05,0.8605,31.31,0,0,0
592,328.761,620.411,1.0,0.00171,0.1199,0.8757,12.78,0,0,0
593,262.681,369.726,21.27,0.18828,0.1913,0.8909,26.84,0,0,0
594,282.311,373.588,8.236,0.03382,0.2296,0.9063,18.05,0,0,0
595,310.505,614.654,7.259,0.10142,0.1577,0.9218,27.85,0,0,0
596,299.405,407.185,41.261,0.00504,0.1972,0.9373,42.49,0,0,0
597,306.911,541.931,27.692,0.03718,0.2908,0.9529,19.41,0,0,0
598,337.785,568.272,18.973,0.01191,0.05,0.9686,23.08,0,0,0
599,281.493,376.963,31.091,0.01695,0.4584,0.9843,20.67,0,0,0
600,1.671,1.906,93.743,0.90842,0.3552,1.0,3.78,1,0,0
601,0.997,0.88,91.852,0.96058,0.317,1.0157,2.76,1,0,0
602,1.228,0.452,105.407,0.95099,0.4285,1.0314,-4.99,1,0,0
603,1.668,0.511,88.082,0.92182,0.2527,1.0471,0.91,1,0,0
604,1.284,1.912,70.53,0.76883,0.4587,1.0627,-1.6,1,0,0
605,1.481,1.365,81.916,0.769,0.4726,1.0782,1.98,1,0,0
606,250.174,398.777,29.638,0.05168,0.4049,1.0937,17.98,0,0,0
607,220.147,331.537,11.65,0.00676,0.594,1.1091,40.6,0,0,0
608,200.336,284.35,39.813,0.09461,0.5788,1.1243,20.24,0,0,0
609,219.34,442.11,28.049,0.0448,0.6522,1.1395,16.2,0,0,0
610,260.679,385.816,29.664,0.00053,0.5434,1.1545,27.69,0,0,0
611,180.082,298.682,24.523,0.00352,0.716,1.1694,25.23,0,0,0
612,212.299,350.087,43.959,0.1583,0.6081,1.1841,20.36,0,0,0
613,234.117,301.827,30.316,0.00524,0.5735,1.1986,10.49,0,0,0
614,214.045,270.845,17.714,0.04073,0.6007,1.2129,27.1,0,0,0
615,205.095,376.428,33.005,0.01734,0.6774,1.227,4.31,0,0,0
616,216.07,300.753,35.073,0.03418,0.6562,1.2409,25.07,0,0,0
617,153.138,248.671,46.775,0.11741,0.7266,1.2545,24.12,0,0,0
618,184.043,289.557,44.283,0.07044,0.7079,1.2679,23.79,0,0,0
619,191.256,259.781,45.81,2e-05,0.8796,1.281,18.5,0,0,0
620,139.156,193.257,40.026,0.12822,0.99,1.2939,20.11,0,0,0
621,184.868,312.752,26.823,0.0024,0.7886,1.3065,38.07,0,0,0
622,159.062,296.478,36.13,0.00325,0.813,1.3187,27.01,0,0,0
623,161.828,277.015,26.129,0.00213,0.7,1.3307,31.65,0,0,0
624,184.035,321.392,51.013,0.05045,0.7654,1.3423,36.36,0,0,0
625,184.465,260.51,45.645,0.00366,0.8061,1.3536,16.75,0,0,0
626,163.799,324.842,33.522,0.02117,0.8418,1.3645,24.86,0,0,0
627,194.742,346.941,36.845,0.08961,0.727,1.3751,29.42,0,0,0
628,180.686,349.881,44.105,0.13625,0.831,1.3853,12.66,0,0,0
629,143.599,218.06,44.521,0.00872,0.99,1.3951,23.91,0,0,0
630,214.971,383.689,55.171,0.00293,0.7535,1.4045,20.28,0,0,0
631,186.446,241.028,37.289,0.00099,0.7687,1.4135,21.34,0,0,0
632,191.224,242.822,53.121,0.0633,0.7974,1.4222,18.0,0,0,0
633,181.216,306.353,34.848,0.00966,0.7599,1.4304,32.02,0,0,0
634,208.566,275.561,34.706,0.00361,0.7016,1.4382,15.84,0,0,0
635,206.708,369.977,17.918,0.02685,0.6393,1.4455,20.09,0,0,0
636,135.155,182.029,70.019,0.13811,0.9385,1.4524,29.0,0,0,0
637,213.852,335.194,30.278,0.00044,0.6724,1.4589,28.06,0,0,0
638,259.845,430.075,32.142,3e-05,0.4699,1.4649,31.94,0,0,0
639,144.745,227.281,31.218,0.2127,0.635,1.4704,21.55,0,0,0
640,189.984,239.194,28.061,0.05575,0.5165,1.4755,16.2,0,0,0
641,242.678,435.955,23.066,0.10595,0.4462,1.4801,8.3,0,0,0
642,207.866,325.001,38.893,0.06959,0.5112,1.4843,4.29,0,0,0
643,198.639,273.614,27.426,0.00159,0.6816,1.488,40.24,0,0,0
644,214.921,353.308,30.218,0.01145,0.5228,1.4911,19.94,0,0,0
645,233.67,454.513,33.675,0.02801,0.5323,1.4938,46.33,0,0,0
646,251.653,428.952,10.696,0.00056,0.4762,1.4961,29.7,0,0,0
647,248.995,328.083,33.654,0.11519,0.3526,1.4978,34.48,0,0,0
648,259.879,492.639,20.475,0.00191,0.4547,1.499,28.42,0,0,0
649,237.183,379.165,25.319,0.04402,0.3722,1.4998,33.59,0,0,0
650,245.108,327.704,17.941,0.02032,0.3699,1.5,27.06,0,0,0
651,324.047,505.689,17.576,0.00776,0.1169,1.4998,24.17,0,0,0
652,315.148,529.019,6.526,0.0671,0.05,1.499,15.3,0,0,0
653,257.009,321.309,24.767,0.00415,0.3712,1.4978,20.72,0,0,0
654,184.997,354.848,40.399,0.38856,0.1161,1.4961,25.33,0,0,0
655,266.976,396.397,25.273,0.00423,0.3163,1.4938,22.02,0,0,0
656,264.751,428.757,16.261,0.01025,0.2347,1.4911,31.61,0,0,0
657,329.082,451.659,15.888,0.02716,0.2136,1.488,23.66,0,0,0
658,306.09,534.149,1.0,2e-05,0.1963,1.4843,36.13,0,0,0
659,341.885,433.453,8.669,0.04958,0.05,1.4801,21.67,0,0,0
660,334.744,498.507,13.655,0.00053,0.05,1.4755,29.66,0,0,0
661,319.15,553.784,1.0,0.00297,0.05,1.4704,36.15,0,0,0
662,354.277,554.041,3.961,0.00812,0.05,1.4649,23.69,0,0,0
663,359.589,620.827,6.696,0.02583,0.05,1.4589,38.8,0,0,0
664,279.408,471.342,17.568,0.17397,0.05,1.4524,31.08,0,0,0
665,330.976,514.443,4.005,0.06645,0.05,1.4455,22.95,0,0,0
666,311.247,559.713,7.896,0.06345,0.05,1.4382,37.13,0,0,0
667,332.178,603.206,1.0,0.01622,0.05,1.4304,34.38,0,0,0
668,335.085,516.607,6.729,0.04007,0.05,1.4222,11.92,0,0,0
669,293.318,480.507,11.363,0.00086,0.05,1.4135,26.26,0,0,0
670,336.567,500.185,1.0,0.01194,0.05,1.4045,31.17,0,0,0
671,314.066,516.378,13.13,0.00397,0.05,1.3951,21.44,0,0,0
672,351.95,657.768,22.459,0.02829,0.05,1.3853,31.03,0,0,0
673,322.471,388.858,7.424,0.0006,0.05,1.3751,14.54,0,0,0
674,366.192,598.246,25.331,0.00917,0.05,1.3645,33.72,0,0,0
675,328.266,594.715,1.0,0.00012,0.05,1.3536,24.06,0,0,0
676,256.65,408.517,21.559,0.2543,0.05,1.3423,23.45,0,0,0
677,285.697,521.624,8.938,0.09464,0.05,1.3307,33.81,0,0,0
678,329.326,504.243,1.0,0.00458,0.05,1.3187,18.62,0,0,0
679,336.94,662.277,1.373,0.00043,0.05,1.3065,29.76,0,0,0
680,361.4,590.898,1.0,0.01876,0.05,1.2939,24.42,0,0,0
681,307.366,563.672,9.039,0.09772,0.05,1.281,33.19,0,0,0
682,340.943,556.348,24.71,0.0143,0.05,1.2679,18.16,0,0,0
683,317.621,488.098,18.755,0.07655,0.05,1.2545,22.13,0,0,0
684,339.327,609.702,19.84,0.0238,0.05,1.2409,29.01,0,0,0
685,343.665,601.804,8.137,0.01337,0.05,1.227,30.49,0,0,0
686,287.763,564.977,22.519,0.01106,0.3248,1.2129,11.54,0,1,0
687,268.568,443.23,18.939,0.03934,0.3115,1.1986,49.37,0,1,0
688,275.795,543.72,34.241,0.06826,0.2495,1.1841,17.88,0,1,0
689,308.641,438.411,14.653,0.0003,0.195,1.1694,20.99,0,1,0
690,266.284,519.178,29.899,0.16646,0.1637,1.1545,28.4,0,1,0
691,210.725,379.421,21.025,0.16218,0.3486,1.1395,32.4,0,1,0
692,233.041,420.661,16.047,0.00244,0.4906,1.1243,31.01,0,1,0
693,300.55,387.437,13.922,0.02221,0.1781,1.1091,28.77,0,1,0
694,271.273,471.366,27.131,0.09971,0.3126,1.0937,28.89,0,1,0
695,227.582,382.496,34.306,0.01345,0.4361,1.0782,27.46,0,1,0
696,267.554,485.816,20.084,0.01376,0.4295,1.0627,30.1,0,1,0
697,195.408,334.609,37.331,0.06558,0.6419,1.0471,33.59,0,1,0
698,238.854,443.818,34.005,0.03168,0.5009,1.0314,20.64,0,1,0
699,254.773,345.646,27.62,0.00612,0.4127,1.0157,33.03,0,1,0
700,178.756,246.14,36.218,0.04861,0.6912,1.0,24.44,0,1,0
701,249.252,415.227,26.068,0.01219,0.5077,0.9843,22.13,0,1,0
702,240.385,309.477,27.393,0.06682,0.4731,0.9686,10.56,0,1,0
703,264.577,432.74,21.09,0.00641,0.4978,0.9529,19.78,0,1,0
704,224.369,309.362,31.624,0.01149,0.5657,0.9373,17.65,0,1,0
705,201.462,349.866,19.343,0.01826,0.5409,0.9218,44.69,0,1,0
706,211.668,357.193,51.288,0.05906,0.6721,0.9063,17.6,0,1,0
707,165.222,269.078,47.865,0.19593,0.74,0.8909,23.45,0,1,0
708,169.604,217.396,26.752,7e-05,0.8612,0.8757,31.66,0,1,0
709,164.338,242.833,46.736,0.16651,0.689,0.8605,17.56,0,1,0
710,242.675,376.294,40.701,0.00327,0.6931,0.8455,28.11,0,1,0
711,190.04,383.168,43.063,0.00343,0.8249,0.8306,16.45,0,1,0
712,170.259,205.627,53.251,0.05073,0.9302,0.8159,27.74,0,1,0
713,201.187,325.437,29.041,0.00843,0.6382,0.8014,44.11,0,1,0
714,147.524,267.145,46.834,0.03664,0.99,0.7871,23.82,0,1,0
715,126.474,197.059,44.144,0.08334,0.8492,0.773,22.63,0,0,0
716,176.168,284.334,39.611,0.02395,0.7118,0.7591,21.58,0,0,0
717,177.744,261.934,37.463,0.03672,0.6978,0.7455,37.16,0,0,0
718,187.326,374.063,38.275,0.03521,0.6355,0.7321,4.95,0,0,0
719,218.106,400.707,46.97,0.00099,0.7894,0.719,34.46,0,0,0
720,155.838,308.329,49.823,0.005,0.8645,0.7061,19.65,0,0,0
721,196.929,371.912,31.485,0.0318,0.7503,0.6935,12.73,0,0,0
722,194.076,373.901,46.865,0.00638,0.7869,0.6813,23.34,0,0,0
723,142.888,163.698,41.734,0.02177,0.9692,0.6693,22.77,0,0,0
724,169.998,331.375,52.701,0.12714,0.8212,0.6577,28.87,0,0,0
725,144.182,218.419,51.353,0.21454,0.7805,0.6464,14.73,0,0,0
726,157.315,262.654,40.287,0.00017,0.7917,0.6355,33.66,0,0,0
727,194.273,244.029,36.026,0.00498,0.7706,0.6249,13.19,0,0,0
728,140.277,258.176,60.818,0.14621,0.9079,0.6147,22.09,0,0,0
729,182.986,257.047,34.693,0.00811,0.7197,0.6049,25.96,0,0,0
730,202.77,379.041,55.019,0.06101,0.7475,0.5955,21.23,0,0,0
731,175.721,238.967,38.058,0.01404,0.8349,0.5865,18.95,0,0,0
732,149.648,283.34,51.663,1e-05,0.9207,0.5778,19.07,0,0,0
733,177.77,324.295,37.756,0.00317,0.809,0.5696,28.54,0,0,0
734,189.124,326.67,44.314,0.03495,0.7387,0.5618,24.68,0,0,0
735,213.597,415.903,32.781,0.00306,0.6573,0.5545,25.26,0,0,0
736,206.463,389.189,16.127,0.0127,0.6692,0.5476,37.61,0,0,0
737,182.302,251.202,19.706,0.01276,0.7333,0.5411,21.19,0,0,0
738,233.723,474.768,24.764,0.14797,0.3984,0.5351,27.76,0,0,0
739,223.318,307.415,37.515,0.046,0.5746,0.5296,25.48,0,0,0
740,190.471,278.074,35.995,0.10111,0.6289,0.5245,18.86,0,0,0
741,217.754,324.973,24.193,0.02,0.6026,0.5199,29.48,0,0,0
742,200.321,334.537,14.892,0.00952,0.5512,0.5157,19.92,0,0,0
743,236.842,387.309,22.927,0.00188,0.4762,0.512,25.78,0,0,0
744,282.451,452.241,25.689,0.02085,0.3051,0.5089,30.02,0,0,0
745,187.279,347.801,34.492,0.01757,0.7664,0.5062,21.3,0,0,0
746,256.379,304.828,19.79,0.01297,0.4234,0.5039,26.26,0,0,0
747,201.48,332.682,38.552,0.19768,0.5192,0.5022,39.21,0,0,0
748,276.648,549.194,15.248,0.00068,0.393,0.501,21.86,0,0,0
749,236.568,317.345,24.012,0.12345,0.3952,0.5002,38.15,0,0,0
750,295.066,436.303,15.715,0.00921,0.3163,0.5,26.23,0,0,0
751,286.606,469.89,13.269,0.00161,0.2057,0.5002,21.36,0,0,0
752,259.083,488.826,16.06,0.04954,0.2876,0.501,50.0,0,0,0
753,304.427,381.244,18.702,0.03535,0.1489,0.5022,26.05,0,0,0
754,309.132,374.835,25.383,0.00815,0.2003,0.5039,39.97,0,0,0
755,335.267,447.662,23.959,0.08711,0.05,0.5062,35.81,0,0,0
756,337.796,635.649,13.588,0.00043,0.05,0.5089,39.61,0,0,0
757,345.268,662.923,7.979,0.0129,0.05,0.512,30.7,0,0,0
758,297.076,496.45,21.358,0.0382,0.2015,0.5157,29.91,0,0,0
759,369.849,715.897,12.017,0.03297,0.05,0.5199,34.9,0,0,0
760,328.116,483.286,1.0,0.03049,0.0717,0.5245,16.89,0,0,0
761,308.189,573.949,20.452,0.00291,0.1866,0.5296,16.92,0,0,0
762,321.603,401.087,9.895,0.00157,0.0668,0.5351,24.09,0,0,0
763,349.622,589.393,14.166,0.0248,0.05,0.5411,19.66,0,0,0
764,272.819,421.738,22.614,0.19181,0.05,0.5476,19.52,0,0,0
765,363.074,646.372,24.007,0.00786,0.0837,0.5545,15.12,0,0,0
766,328.531,537.13,3.897,0.0008,0.05,0.5618,17.52,0,0,0
767,335.081,659.841,1.0,0.00476,0.05,0.5696,24.03,0,0,0
768,312.141,499.755,15.691,0.00945,0.05,0.5778,25.72,0,0,0
769,334.121,476.612,8.743,0.06178,0.05,0.5865,11.85,0,0,0
770,327.071,571.826,1.0,3e-05,0.05,0.5955,31.43,0,0,0
771,329.959,438.573,1.894,0.00737,0.05,0.6049,18.95,0,0,0
772,315.733,422.421,17.571,0.04612,0.05,0.6147,40.85,0,0,0
773,330.22,520.194,9.208,0.00648,0.05,0.6249,25.83,0,0,0
774,350.042,684.682,5.212,0.00019,0.05,0.6355,18.65,0,0,0
775,265.998,512.143,33.091,0.22659,0.05,0.6464,21.88,0,0,0
776,330.469,496.233,12.634,0.03453,0.05,0.6577,30.87,0,0,0
777,312.027,392.406,10.525,0.03455,0.05,0.6693,21.11,0,0,0
778,334.119,553.983,10.488,0.01258,0.05,0.6813,34.37,0,0,0
779,281.201,473.383,8.963,0.15621,0.05,0.6935,17.38,0,0,0
780,288.271,589.658,16.683,0.11702,0.05,0.7061,21.13,0,0,0
781,338.746,489.089,12.328,0.01172,0.05,0.719,31.2,0,0,0
782,353.032,571.08,21.361,0.0048,0.05,0.7321,33.43,0,0,0
783,314.27,509.755,14.279,0.03805,0.05,0.7455,11.69,0,0,0
784,257.95,491.268,19.787,0.21246,0.05,0.7591,32.9,0,0,0
785,334.112,579.263,17.829,0.0278,0.05,0.773,14.03,0,0,0
786,363.427,685.322,12.166,0.03611,0.05,0.7871,36.41,0,0,0
787,312.165,380.005,12.315,0.0069,0.05,0.8014,24.99,0,0,0
788,340.226,547.2,9.201,0.00674,0.05,0.8159,19.48,0,0,0
789,325.087,536.898,11.539,0.04912,0.05,0.8306,24.16,0,0,0
790,321.279,543.742,18.79,0.02319,0.0524,0.8455,33.78,0,0,0
791,290.964,380.323,24.995,0.09819,0.05,0.8605,23.67,0,0,0
792,369.942,565.328,1.393,0.02744,0.0652,0.8757,23.25,0,0,0
793,331.377,566.949,1.0,0.00724,0.0749,0.8909,16.86,0,0,0
794,325.428,431.116,24.175,3e-05,0.1911,0.9063,28.57,0,0,0
795,304.982,398.199,23.468,0.05796,0.0686,0.9218,24.43,0,0,0
796,266.771,485.735,36.938,0.04257,0.3155,0.9373,28.93,0,0,0
797,323.536,626.159,1.0,0.01297,0.05,0.9529,40.95,0,0,0
798,266.517,415.081,16.735,0.0511,0.2329,0.9686,37.15,0,0,0
799,290.557,467.548,20.338,0.04125,0.2393,0.9843,19.64,0,0,0
800,311.152,593.402,22.59,0.05092,0.262,1.0,24.07,0,0,0
801,281.95,500.964,26.437,0.00144,0.3081,1.0157,16.87,0,0,0
802,240.002,297.096,30.558,0.00629,0.5182,1.0314,32.35,0,0,0
803,221.284,365.025,26.645,0.03067,0.3992,1.0471,23.76,0,0,0
804,277.101,533.258,19.169,0.00489,0.4147,1.0627,19.25,0,0,0
805,257.567,452.067,38.076,0.15753,0.2691,1.0782,14.03,0,0,0
806,245.621,474.294,43.738,0.15638,0.3978,1.0937,32.24,0,0,0
807,304.298,405.177,19.09,0.01409,0.3037,1.1091,20.21,0,0,0
808,198.156,334.805,26.694,0.12151,0.5311,1.1243,36.16,0,0,0
809,202.825,350.202,36.563,0.00017,0.6749,1.1395,28.09,0,0,0
810,246.002,442.063,39.109,0.0003,0.5219,1.1545,25.24,0,0,0
811,233.206,372.209,34.296,0.00381,0.5522,1.1694,16.64,0,0,0
812,178.239,277.498,27.887,0.02693,0.6707,1.1841,31.31,0,0,0
813,193.889,239.68,48.686,0.01618,0.7078,1.1986,34.12,0,0,0
814,215.95,298.753,29.993,0.03814,0.5585,1.2129,15.3,0,0,0
815,205.65,367.88,27.007,0.0477,0.6192,1.227,31.17,0,0,0
816,211.838,242.733,39.199,0.03269,0.6103,1.2409,17.29,0,0,0
817,159.11,317.199,53.621,0.06349,0.7479,1.2545,34.38,0,0,0
818,208.28,354.848,28.945,0.03735,0.7075,1.2679,16.83,0,0,0
819,189.635,244.719,49.048,0.00101,0.8345,1.281,33.3,0,0,0
820,177.4,266.43,38.734,0.0151,0.8581,1.2939,20.7,0,0,0
821,180.19,289.519,40.085,0.01998,0.8349,1.3065,33.64,0,0,0
822,190.248,343.752,34.215,0.00262,0.7537,1.3187,24.8,0,0,0
823,194.443,340.18,40.497,0.03454,0.7701,1.3307,15.65,0,0,0
824,183.848,297.176,47.289,0.03035,0.7248,1.3423,31.16,0,0,0
825,190.686,347.712,34.036,0.01932,0.7682,1.3536,10.5,0,0,0
826,205.054,293.748,30.448,0.01281,0.6722,1.3645,33.83,0,0,0
827,205.372,277.632,50.504,0.10834,0.7087,1.3751,18.99,0,0,0
828,158.95,172.041,24.414,0.0042,0.8027,1.3853,17.77,0,0,0
829,196.812,353.278,31.459,0.01009,0.6596,1.3951,29.98,0,0,0
830,224.325,422.301,20.923,0.02284,0.6861,1.4045,12.45,0,0,0
831,193.741,336.419,41.766,0.12353,0.6887,1.4135,31.12,0,0,0
832,175.984,212.847,48.511,0.10609,0.7908,1.4222,26.01,0,0,0
833,138.347,185.769,46.255,0.23476,0.6762,1.4304,27.85,0,0,0
834,187.896,282.069,43.864,0.02703,0.8419,1.4382,19.63,0,0,0
835,183.115,301.717,28.926,0.00109,0.8826,1.4455,8.6,0,0,0
836,233.124,422.036,42.596,0.03644,0.5638,1.4524,18.68,0,0,0
837,168.068,339.175,40.853,0.25171,0.6114,1.4589,9.41,0,0,0
838,236.816,407.388,25.41,0.01752,0.5326,1.4649,12.84,0,0,0
839,174.997,209.192,37.049,0.19865,0.5298,1.4704,18.69,0,0,0
840,268.778,506.385,33.033,0.0034,0.4065,1.4755,32.61,0,0,0
841,257.744,415.615,16.501,0.05702,0.4065,1.4801,22.46,0,0,0
842,192.396,301.93,28.909,0.11276,0.5175,1.4843,34.86,0,0,0
843,211.807,275.602,22.615,0.00024,0.6156,1.488,31.84,0,0,0
844,233.303,395.984,20.309,0.02029,0.4754,1.4911,20.4,0,0,0
845,252.457,457.558,20.512,0.03046,0.4352,1.4938,31.62,0,0,0
846,247.399,377.502,16.922,0.00185,0.4932,1.4961,41.33,0,0,0
847,241.5,335.504,10.824,0.04585,0.3446,1.4978,23.96,0,0,0
848,284.702,464.609,12.37,4e-05,0.3187,1.499,15.58,0,0,0
849,309.918,527.044,8.907,0.06931,0.2524,1.4998,38.73,0,0,0
850,238.037,293.05,25.631,0.12241,0.3961,1.5,21.83,0,0,0
851,279.75,492.439,24.966,0.00087,0.3732,1.4998,19.37,0,0,0
852,267.594,390.579,27.362,0.07746,0.2333,1.499,33.06,0,0,0
853,291.161,363.267,16.981,0.00616,0.3254,1.4978,24.21,0,0,0
854,345.929,543.978,1.0,0.0243,0.05,1.4961,25.18,0,0,0
855,343.394,630.479,10.057,0.03787,0.0925,1.4938,33.36,0,0,0
856,275.007,487.115,12.068,0.12271,0.05,1.4911,28.89,0,0,0
857,320.224,471.622,12.413,0.00509,0.0579,1.488,22.04,0,0,0
858,286.15,370.119,23.439,0.12929,0.1105,1.4843,21.12,0,0,0
859,327.814,493.193,17.648,0.00576,0.05,1.4801,25.64,0,0,0
860,327.361,565.915,7.03,0.01542,0.05,1.4755,-0.1,0,0,0
861,323.014,500.321,12.708,0.03208,0.05,1.4704,16.14,0,0,0
862,328.283,518.359,1.0,0.00931,0.05,1.4649,18.15,0,0,0
863,327.51,484.225,18.838,0.03969,0.05,1.4589,32.9,0,0,0
864,282.532,392.843,24.779,0.11351,0.05,1.4524,17.19,0,0,0
865,224.08,341.826,28.323,0.29869,0.05,1.4455,9.05,0,0,0
866,327.975,523.23,12.349,0.03884,0.05,1.4382,22.74,0,0,0
867,330.474,409.114,9.437,0.0172,0.05,1.4304,36.74,0,0,0
868,242.401,313.358,15.246,0.26811,0.05,1.4222,18.19,0,0,0
869,349.182,419.931,1.0,0.02772,0.05,1.4135,14.48,0,0,0
870,339.14,449.909,1.0,0.00385,0.05,1.4045,31.46,0,0,0
871,325.939,483.944,2.367,0.00337,0.05,1.3951,19.22,0,0,0
872,327.614,600.732,1.0,1e-05,0.05,1.3853,20.97,0,0,0
873,305.773,366.214,24.368,0.03344,0.05,1.3751,20.9,0,0,0
874,293.693,557.221,24.511,0.12557,0.05,1.3645,7.76,0,0,0
875,339.977,623.064,15.231,0.00881,0.05,1.3536,30.89,0,0,0
876,339.095,453.263,1.0,0.00306,0.05,1.3423,25.05,0,0,0
877,312.768,595.915,15.702,0.0805,0.05,1.3307,12.16,0,0,0
878,321.65,525.657,24.796,0.10747,0.05,1.3187,30.1,0,0,0
879,348.501,563.433,16.266,0.00798,0.05,1.3065,15.22,0,0,0
880,344.282,532.987,19.724,0.04135,0.05,1.2939,28.69,0,0,0
881,354.269,634.461,8.147,0.0709,0.05,1.281,43.47,0,0,0
882,305.043,481.14,21.302,0.1016,0.05,1.2679,28.8,0,0,0
883,346.001,611.65,10.286,0.00637,0.05,1.2545,32.3,0,0,0
884,314.102,372.123,19.645,0.04958,0.05,1.2409,26.65,0,0,0
885,342.786,514.019,19.648,0.00228,0.05,1.227,17.25,0,0,0
886,283.765,527.595,26.92,0.00701,0.2213,1.2129,34.52,0,1,0
887,265.251,339.686,20.656,0.05837,0.305,1.1986,25.16,0,1,0
888,343.49,645.071,18.325,0.00199,0.1659,1.1841,28.22,0,1,0
889,286.027,505.815,20.157,0.07276,0.2332,1.1694,20.23,0,1,0
890,261.469,512.196,14.019,0.00107,0.2787,1.1545,15.92,0,1,0
891,286.575,419.922,13.589,0.00772,0.3159,1.1395,29.38,0,1,0
892,294.046,545.106,33.45,0.0706,0.2345,1.1243,31.21,0,1,0
893,221.76,268.537,22.685,0.01187,0.4721,1.1091,36.79,0,1,0
894,212.452,417.533,30.429,0.04706,0.6553,1.0937,29.71,0,1,0
895,209.735,312.394,35.068,0.13626,0.488,1.0782,9.62,0,1,0
896,235.238,421.008,34.988,0.0019,0.6558,1.0627,28.58,0,1,0
897,271.553,328.106,15.994,0.05485,0.2638,1.0471,25.57,0,1,0
898,199.603,354.621,33.969,0.12342,0.598,1.0314,20.24,0,1,0
899,231.057,293.245,12.442,0.00584,0.5117,1.0157,33.76,0,1,0
900,189.11,254.923,32.627,0.03405,0.7433,1.0,28.21,0,1,0
901,191.342,309.565,54.437,0.06175,0.713,0.9843,28.19,0,1,0
902,162.644,279.337,45.314,0.20176,0.6784,0.9686,30.09,0,1,0
903,224.589,383.828,39.239,0.01155,0.5808,0.9529,40.17,0,1,0
904,182.105,289.666,45.553,0.14891,0.5889,0.9373,34.37,0,1,0
905,162.475,276.773,49.758,0.05406,0.8039,0.9218,20.35,0,1,0
906,175.151,287.827,40.187,0.07277,0.7067,0.9063,28.62,0,1,0
907,190.861,250.202,35.399,0.00037,0.834,0.8909,20.86,0,1,0
908,199.676,273.626,37.071,0.00025,0.7287,0.8757,26.21,0,1,0
909,180.675,335.909,27.426,0.04173,0.6494,0.8605,20.91,0,1,0
910,119.912,230.384,55.368,0.0017,0.99,0.8455,28.44,0,1,0
911,175.294,274.106,47.055,0.10143,0.8749,0.8306,42.52,0,1,0
912,170.236,256.452,42.886,0.02764,0.8853,0.8159,35.99,0,1,0
913,182.21,277.39,40.759,0.00469,0.7257,0.8014,23.92,0,1,0
914,164.745,201.3,38.907,0.0018,0.99,0.7871,29.8,0,1,0
915,169.964,243.434,51.452,0.2514,0.6573,0.773,2.07,0,0,0
916,254.082,497.147,26.878,0.00217,0.5474,0.7591,6.2,0,0,0
917,197.352,276.538,33.998,0.07376,0.7471,0.7455,30.2,0,0,0
918,179.012,352.784,43.857,0.01349,0.8739,0.7321,21.87,0,0,0
919,142.326,276.136,37.794,0.00406,0.9437,0.719,35.5,0,0,0
920,197.642,399.979,18.401,0.01569,0.7406,0.7061,26.01,0,0,0
921,162.258,216.902,47.806,0.00686,0.9481,0.6935,20.8,0,0,0
922,134.877,169.689,46.449,0.07161,0.9195,0.6813,22.13,0,0,0
923,170.545,283.144,45.503,0.09126,0.7333,0.6693,34.92,0,0,0
924,205.197,348.406,33.062,0.04891,0.6836,0.6577,24.17,0,0,0
925,130.044,257.991,54.917,0.08606,0.9778,0.6464,34.86,0,0,0
926,151.345,177.796,34.808,0.03144,0.913,0.6355,4.9,0,0,0
927,197.48,352.766,38.148,0.00167,0.7717,0.6249,19.42,0,0,0
928,178.593,256.62,56.274,0.02075,0.9167,0.6147,34.17,0,0,0
929,102.891,210.957,65.624,0.37454,0.8206,0.6049,17.13,0,0,0
930,152.242,197.224,42.152,0.01957,0.8062,0.5955,21.67,0,0,0
931,160.826,249.648,35.541,0.07586,0.7993,0.5865,38.32,0,0,0
932,163.048,305.059,29.236,0.00064,0.8896,0.5778,40.39,0,0,0
933,183.889,274.813,43.161,0.05713,0.7166,0.5696,20.51,0,0,0
934,175.36,298.533,30.61,0.0,0.8062,0.5618,20.94,0,0,0
935,234.109,297.252,35.508,0.02778,0.4412,0.5545,22.28,0,0,0
936,212.624,272.637,21.188,0.00898,0.6375,0.5476,16.25,0,0,0
937,214.417,347.356,30.746,0.03345,0.7385,0.5411,17.66,0,0,0
938,165.395,241.582,51.433,0.23503,0.6548,0.5351,19.12,0,0,0
939,211.29,336.083,43.245,0.08938,0.5309,0.5296,26.72,0,0,0
940,193.233,409.967,32.226,0.07488,0.5908,0.5245,26.54,0,0,0
941,182.738,272.414,31.253,0.00294,0.8014,0.5199,30.25,0,0,0
942,269.946,460.832,23.35,0.00238,0.503,0.5157,19.21,0,0,0
943,248.494,443.9,18.013,0.04086,0.4643,0.512,36.7,0,0,0
944,214.63,393.718,34.157,0.00892,0.6021,0.5089,17.7,0,0,0
945,215.883,337.447,42.911,0.00051,0.6327,0.5062,22.53,0,0,0
946,246.306,429.684,29.511,0.00349,0.5237,0.5039,27.3,0,0,0
947,253.487,325.767,27.023,0.10095,0.3599,0.5022,24.57,0,0,0
948,248.813,402.529,3.856,0.0229,0.422,0.501,25.28,0,0,0
949,276.172,475.447,29.432,0.00054,0.3361,0.5002,14.02,0,0,0
950,259.148,398.774,35.827,0.08922,0.3941,0.5,35.25,0,0,0
951,247.359,286.053,15.269,0.00083,0.3881,0.5002,35.56,0,0,0
952,264.635,398.545,6.708,0.01193,0.2772,0.501,21.89,0,0,0
953,290.627,519.596,1.0,0.09628,0.0598,0.5022,22.36,0,0,0
954,304.499,406.961,15.343,0.01103,0.1684,0.5039,28.53,0,0,0
955,273.743,400.74,27.365,0.18055,0.1989,0.5062,21.06,0,0,0
956,371.528,686.533,20.352,0.00237,0.05,0.5089,32.43,0,0,0
957,307.642,608.814,12.291,0.10913,0.05,0.512,32.48,0,0,0
958,335.21,443.753,6.437,0.04046,0.05,0.5157,19.95,0,0,0
959,299.455,475.596,11.717,0.03703,0.0845,0.5199,23.58,0,0,0
960,332.72,494.628,1.0,0.00974,0.05,0.5245,20.03,0,0,0
961,315.212,444.631,1.305,0.03057,0.05,0.5296,27.94,0,0,0
962,308.093,522.326,3.55,0.00614,0.05,0.5351,31.36,0,0,0
963,265.185,376.26,33.577,0.21617,0.0596,0.5411,23.86,0,0,0
964,358.201,681.584,4.646,0.01183,0.05,0.5476,20.64,0,0,0
965,331.677,498.05,1.0,0.00094,0.05,0.5545,23.6,0,0,0
966,299.784,363.035,9.873,0.00609,0.05,0.5618,37.42,0,0,0
967,343.479,548.22,11.977,0.00389,0.05,0.5696,17.82,0,0,0
968,288.371,365.868,1.384,0.11865,0.05,0.5778,40.3,0,0,0
969,278.637,481.484,21.739,0.21324,0.05,0.5865,16.29,0,0,0
970,284.739,536.071,23.502,0.11623,0.05,0.5955,35.11,0,0,0
971,307.534,444.571,17.527,0.09256,0.05,0.6049,26.62,0,0,0
972,284.291,413.457,27.472,0.19364,0.05,0.6147,29.45,0,0,0
973,350.65,492.033,7.116,4e-05,0.05,0.6249,33.13,0,0,0
974,293.509,534.768,10.178,0.14069,0.05,0.6355,20.05,0,0,0
975,321.937,643.846,9.563,0.00143,0.05,0.6464,36.51,0,0,0
976,317.675,574.395,11.56,0.00251,0.05,0.6577,11.31,0,0,0
977,315.58,622.851,1.821,0.00205,0.05,0.6693,13.11,0,0,0
978,330.536,534.076,5.657,0.03615,0.05,0.6813,29.16,0,0,0
979,333.771,511.744,1.909,0.00897,0.05,0.6935,27.84,0,0,0
980,324.14,440.722,11.311,0.00957,0.05,0.7061,38.27,0,0,0
981,326.778,502.886,7.35,0.00777,0.05,0.719,23.23,0,0,0
982,330.453,483.342,1.0,0.00485,0.05,0.7321,43.84,0,0,0
983,326.515,635.638,3.94,0.04778,0.05,0.7455,22.26,0,0,0
984,327.129,510.838,6.489,0.00176,0.05,0.7591,32.91,0,0,0
985,216.471,292.018,33.922,0.34388,0.05,0.773,30.63,0,0,0
986,335.941,452.416,11.365,0.01695,0.05,0.7871,27.11,0,0,0
987,323.155,437.216,15.65,0.02519,0.1104,0.8014,20.32,0,0,0
988,250.301,318.393,31.739,0.24,0.05,0.8159,16.16,0,0,0
989,259.896,372.329,6.166,0.15997,0.05,0.8306,27.54,0,0,0
990,343.502,455.198,8.567,0.00162,0.05,0.8455,14.38,0,0,0
991,330.62,441.425,4.393,0.00016,0.0842,0.8605,20.95,0,0,0
992,301.265,498.755,10.824,7e-05,0.1019,0.8757,31.79,0,0,0
993,341.584,582.987,3.806,0.00174,0.05,0.8909,34.9,0,0,0
994,329.156,459.707,12.627,0.01147,0.05,0.9063,11.94,0,0,0
995,291.976,469.546,8.438,0.00371,0.2048,0.9218,37.25,0,0,0
996,307.112,524.082,19.429,0.06494,0.2348,0.9373,12.18,0,0,0
997,341.521,433.774,11.946,0.01638,0.1988,0.9529,28.96,0,0,0
998,277.82,465.325,25.112,0.10317,0.1777,0.9686,21.89,0,0,0
999,261.114,436.716,32.816,0.11432,0.3174,0.9843,21.27,0,0,0
1000,278.762,420.151,19.112,0.06602,0.2437,1.0,29.74,0,0,0
